Type,Title,Price,Year,Genre
CDRecordProduct
CD,Rumours,23.99,1977,ROCK,
VinylRecordProduct
Vinyl,The Wall,29.99,1979,ROCK,
VinylRecordProduct
Vinyl,Baby Shark,23.13,2021,POP,
VinylRecordProduct
Vinyl,Dark Side of the Moon,25.99,1973,ROCK,
CDRecordProduct
CD,Thriller,19.99,1982,POP,
VinylRecordProduct
Vinyl,Hotel California,24.99,1976,ROCK,
VinylRecordProduct
Vinyl,My Favorite Things,23.49,1961,JAZZ,
VinylRecordProduct
Vinyl,Dark Side of the Moon,26.99,1973,ROCK,
TapeRecordProduct
Tape,Blue Train,14.49,1957,JAZZ,
CDRecordProduct
CD,The Chronic,24.99,1992,HIP_HOP,
VinylRecordProduct
Vinyl,Born to Run,28.99,1975,ROCK,
CDRecordProduct
CD,Back in Black,18.99,1980,ROCK,
CDRecordProduct
CD,The Blueprint,20.99,2001,HIP_HOP,
VinylRecordProduct
Vinyl,Giant Steps,26.99,1960,JAZZ,
CDRecordProduct
CD,Kind of Blue,15.99,1959,JAZZ,
CDRecordProduct
CD,Moanin',17.99,1958,JAZZ,
CDRecordProduct
CD,Sgt. Pepper's Lonely Hearts Club Band,21.99,1967,ROCK,
CDRecordProduct
CD,Random Access Memories,25.99,2013,ELECTRONIC,
VinylRecordProduct
Vinyl,Barney's Greatest Hits,8.99,1993,CHILDREN,
CDRecordProduct
CD,Purple Rain,24.99,1984,POP,
VinylRecordProduct
Vinyl,Illmatic,29.99,1994,HIP_HOP,
VinylRecordProduct
Vinyl,Back in Black,30.99,1980,ROCK,
VinylRecordProduct
Vinyl,Strauss: Also Sprach Zarathustra,27.49,1896,CLASSICAL,
CDRecordProduct
CD,Pok√©mon: 2.B.A. Master,16.99,1999,CHILDREN,
VinylRecordProduct
Vinyl,Debussy: Clair de Lune,26.99,1905,CLASSICAL,
TapeRecordProduct
Tape,Thriller,15.99,1982,POP,
VinylRecordProduct
Vinyl,Kind of Blue,27.99,1959,JAZZ,
VinylRecordProduct
Vinyl,Aphex Twin: Selected Ambient Works 85-92,31.99,1992,ELECTRONIC,
VinylRecordProduct
Vinyl,Born to Run,28.99,1975,ROCK,
CDRecordProduct
CD,Mozart: Requiem,18.99,1791,CLASSICAL,
VinylRecordProduct
Vinyl,Blue Train,24.99,1957,JAZZ,
CDRecordProduct
CD,Beethoven: Symphony No. 9,19.99,1824,CLASSICAL,
CDRecordProduct
CD,Tchaikovsky: Swan Lake,18.99,1877,CLASSICAL,
TapeRecordProduct
Tape,Born in the U.S.A.,12.99,1984,ROCK,
VinylRecordProduct
Vinyl,Dark Side of the Moon,26.99,1973,ROCK,
VinylRecordProduct
Vinyl,Tchaikovsky: The Nutcracker,22.99,1892,CLASSICAL,
CDRecordProduct
CD,Miseducation of Lauryn Hill,21.99,1998,HIP_HOP,
VinylRecordProduct
Vinyl,Rumours,24.99,1977,ROCK,
CDRecordProduct
CD,Strauss: Also Sprach Zarathustra,29.99,1896,CLASSICAL,
VinylRecordProduct
Vinyl,Hotel California,27.99,1976,ROCK,
VinylRecordProduct
Vinyl,Strauss: Also Sprach Zarathustra,26.99,1896,CLASSICAL,
CDRecordProduct
CD,Chemical Brothers: Surrender,17.99,1999,ELECTRONIC,
VinylRecordProduct
Vinyl,Baby Shark,23.13,2021,POP,
CDRecordProduct
CD,Monkey Track,10.99,2021,POP,
